"id","category","prompt","mode","domain","tags","expected_authorities","notes"
"v2-001","general_research","Under Virginia law, is past consideration sufficient to support a new contract, or must consideration be bargained-for and contemporaneous?","chat","contracts","[""doctrine"", ""anchored""]","[""Va. Code § 8.01-246""]","Should explain Virginia adheres to bargained-for consideration; past consideration insufficient."
"v2-002","general_research","What elements must a Virginia plaintiff plead and prove for a tortious-interference-with-contract claim?","chat","contracts","[""elements"", ""doctrine""]","[]","Should list: valid contract, knowledge, intentional interference, absence of justification, damages. See Chaves v. Johnson, 230 Va. 112 (1985)."
"v2-003","general_research","Under Virginia's UCC Article 2, when does the statute of frauds require a writing for the sale of goods?","chat","contracts","[""ucc"", ""doctrine""]","[""Va. Code § 8.2-201""]","Goods $500 or more; should reference § 8.2-201 and merchant exception."
"v2-004","general_research","Does Virginia recognize a 'mailbox rule' for contract acceptance, and if so under what conditions?","chat","contracts","[""doctrine"", ""formation""]","[]","Yes — acceptance effective on dispatch when offer authorizes that mode."
"v2-005","general_research","Is the parol evidence rule in Virginia a rule of substantive law or a rule of evidence, and what is the practical consequence of that classification?","chat","contracts","[""doctrine"", ""evidence""]","[]","Substantive in Virginia — bars admission even without objection."
"v2-006","general_research","What is the standard for finding an enforceable liquidated-damages clause in a Virginia contract, and when will Virginia courts strike one as a penalty?","chat","contracts","[""doctrine""]","[]","Should reference reasonableness in light of anticipated/actual harm; difficulty of proof."
"v2-007","general_research","Under Virginia law, can a non-signatory third-party beneficiary enforce a contract, and what must they prove?","chat","contracts","[""doctrine"", ""third-party""]","[""Va. Code § 55.1-119""]","Must show contract clearly and definitely intended to benefit them."
"v2-008","general_research","What are the elements of a defamation per se claim in Virginia, and which categories qualify as defamation per se?","chat","defamation","[""elements"", ""anchored""]","[]","Imputation of crime of moral turpitude, loathsome disease, unfitness for trade/profession, unchastity in a woman."
"v2-009","general_research","Does Virginia recognize the 'innocent construction rule' for defamation?","chat","defamation","[""doctrine""]","[]","No — Virginia rejects innocent construction; courts assess plain and natural meaning."
"v2-010","general_research","Under Virginia law, what is the difference between defamation per se and defamation per quod, and what damages are presumed for each?","chat","defamation","[""doctrine""]","[]","Per se: damages presumed; per quod: special damages must be pleaded and proved."
"v2-011","general_research","What is the qualified privilege standard for statements made in the course of employment investigations in Virginia?","chat","defamation","[""privilege""]","[]","Common-interest qualified privilege; defeated by common-law malice."
"v2-012","general_research","How does Virginia distinguish actionable false statements of fact from non-actionable statements of opinion in defamation cases?","chat","defamation","[""doctrine""]","[]","Should reference verifiability test — Yeagle v. Collegiate Times line."
"v2-013","general_research","What is the heightened-fault standard a public-figure plaintiff must meet for defamation in Virginia, and what evidence demonstrates actual malice?","chat","defamation","[""public-figure""]","[]","New York Times v. Sullivan actual malice; clear and convincing."
"v2-014","general_research","Is republication of a defamatory statement actionable in Virginia under the single-publication rule, and how does that apply to internet postings?","chat","defamation","[""sol"", ""internet""]","[]","Single-publication rule; SOL runs from first publication; substantive change can restart."
"v2-015","general_research","What is the foundation required to admit a business record under Virginia Rule of Evidence 2:803(6)?","chat","evidence","[""foundation"", ""anchored""]","[]","Custodian or qualified witness; regularly conducted activity; near-time entry; trustworthy."
"v2-016","general_research","Under Virginia law, when is a prior inconsistent statement admissible as substantive evidence rather than only for impeachment?","chat","evidence","[""impeachment""]","[""Va. Code § 8.01-403""]","Must be made under oath at prior proceeding for substantive use."
"v2-017","general_research","Does Virginia follow the Daubert standard or the Frye standard for expert scientific testimony?","chat","evidence","[""expert"", ""doctrine""]","[]","Virginia follows a hybrid Frye-plus standard codified in Va. Code § 8.01-401.3 / Va. R. Evid. 2:702."
"v2-018","general_research","What is the proper procedure in Virginia to authenticate text messages or social-media posts at trial?","chat","evidence","[""authentication"", ""digital""]","[]","Va. R. Evid. 2:901; circumstantial evidence of authorship."
"v2-019","general_research","Under Virginia's hearsay framework, when may an excited utterance be admitted, and what foundation is required?","chat","evidence","[""hearsay"", ""exception""]","[]","Startling event, statement made while under stress of excitement, relating to event."
"v2-020","general_research","What is the marital communications privilege under Virginia law, and when does it apply versus the spousal testimonial privilege?","chat","evidence","[""privilege""]","[""Va. Code § 19.2-271.2""]","Distinguish marital communications (substance) vs. spousal incompetency in criminal cases."
"v2-021","general_research","How does Virginia treat impeachment of a witness with a prior conviction — what convictions qualify and what is the time limit?","chat","evidence","[""impeachment""]","[""Va. Code § 19.2-269""]","Felonies and misdemeanors involving moral turpitude; no time limit."
"v2-022","general_research","Under Virginia's discovery rules, how many interrogatories may a party serve without leave of court, and may sub-parts be counted separately?","chat","discovery","[""limits"", ""anchored""]","[]","30 interrogatories per Rule 4:8; sub-parts on a discrete subject count separately."
"v2-023","general_research","What is the proper procedure under Virginia Supreme Court Rule 4:9 for objecting to a subpoena duces tecum directed to a non-party?","chat","discovery","[""subpoena""]","[]","Motion to quash within 14 days of service or before compliance date."
"v2-024","general_research","When may a party in a Virginia civil case obtain a Rule 4:10 mental or physical examination of an opposing party?","chat","discovery","[""rule-4:10""]","[]","Good cause; condition in controversy."
"v2-025","general_research","How does Virginia define the scope of discovery — is it identical to Federal Rule 26(b)(1)?","chat","discovery","[""scope""]","[]","Va. Rule 4:1(b)(1) is broader in some respects; relevance to subject matter, not just claims/defenses."
"v2-026","general_research","What protections does the Virginia work-product doctrine provide for trial preparation materials, and how does it differ from federal Rule 26(b)(3)?","chat","discovery","[""work-product""]","[]","Substantial-need / undue-hardship; opinion work product nearly absolute."
"v2-027","general_research","Under Va. Rule 4:11, when is a Request for Admission deemed admitted, and how can a party withdraw or amend an admission?","chat","discovery","[""admissions""]","[]","Deemed admitted if no response within 21 days; withdrawal on motion showing merits served."
"v2-028","general_research","What duty of supplementation does a party have under Virginia discovery rules for responses that become incorrect after the initial response?","chat","discovery","[""supplementation""]","[]","Va. Rule 4:1(e); duty to seasonably supplement on identity of witnesses, expert opinions, prior incorrect responses."
"v2-029","general_research","Under Virginia law, what is the test for whether a state employee enjoys individual sovereign immunity for negligent acts?","chat","sovereign_immunity","[""doctrine"", ""anchored""]","[""Messina v. Burden, 228 Va. 301 (1984)""]","Should reference the four-factor Messina test."
"v2-030","general_research","Does Virginia's Tort Claims Act waive sovereign immunity for intentional torts committed by Commonwealth employees?","chat","sovereign_immunity","[""vtca""]","[""Va. Code § 8.01-195.3""]","VTCA generally does not waive intentional-tort immunity."
"v2-031","general_research","What is the cap on recovery against the Commonwealth under the Virginia Tort Claims Act, and is it indexed for inflation?","chat","sovereign_immunity","[""vtca"", ""damages""]","[""Va. Code § 8.01-195.3""]","Single transaction cap; not indexed."
"v2-032","general_research","Under Virginia common law, do municipal corporations enjoy sovereign immunity for proprietary functions, and how is the line drawn?","chat","sovereign_immunity","[""municipal""]","[]","Governmental vs. proprietary distinction; proprietary functions exposed to liability."
"v2-033","general_research","Are Virginia school boards immune from negligence actions arising from playground or athletic injuries?","chat","sovereign_immunity","[""school-board""]","[]","Generally yes for governmental functions; analyze under Messina for individual employees."
"v2-034","general_research","What is the current statutory cap on medical-malpractice recovery in Virginia, and when does the next scheduled increase take effect?","chat","med_mal","[""cap"", ""anchored""]","[""Va. Code § 8.01-581.15""]","Cap rises annually each July 1; CLARA must use live cap window injection."
"v2-035","general_research","Under Virginia law, what is the certification-of-merit requirement for filing a medical-malpractice claim?","chat","med_mal","[""procedure""]","[""Va. Code § 8.01-20.1""]","Plaintiff must obtain a written opinion from qualified expert before service."
"v2-036","general_research","What is the standard for proving informed consent in a Virginia medical-malpractice case?","chat","med_mal","[""informed-consent""]","[]","Reasonable-patient or reasonable-practitioner standard; Va. follows physician-disclosure standard."
"v2-037","general_research","Under Virginia law, when does the medical-malpractice statute of limitations begin to run for a foreign-object-left-in-body claim?","chat","med_mal","[""sol""]","[""Va. Code § 8.01-243(C)""]","Discovery rule for foreign objects."
"v2-038","general_research","What constitutes the 'continuing treatment doctrine' in Virginia medical malpractice and how does it affect SOL accrual?","chat","med_mal","[""sol"", ""doctrine""]","[]","SOL tolled during continuous course of treatment for same condition."
"v2-039","general_research","Who qualifies as an 'expert witness' in a Virginia medical-malpractice case under § 8.01-581.20?","chat","med_mal","[""expert""]","[""Va. Code § 8.01-581.20""]","Active clinical practice in same specialty within one year preceding incident."
"v2-040","general_research","Under VRLTA, how much may a landlord charge as a security deposit, and what is the deadline to return it after termination of tenancy?","chat","vrlta","[""security-deposit"", ""anchored""]","[""Va. Code § 55.1-1226""]","Two months' rent max; 45 days to return with itemization."
"v2-041","general_research","What is the proper notice period a Virginia landlord must give before filing an unlawful detainer based on non-payment of rent?","chat","vrlta","[""notice""]","[""Va. Code § 55.1-1245""]","5-day pay-or-quit notice."
"v2-042","general_research","Under VRLTA, when is a tenant entitled to an emergency hearing for an alleged habitability defect or essential-service interruption?","chat","vrlta","[""emergency-hearing""]","[""Va. Code § 55.1-1244(F)""]","D2 anchored: § 55.1-1244(F) emergency-hearing provision."
"v2-043","general_research","What protections does VRLTA provide against retaliatory eviction in Virginia?","chat","vrlta","[""retaliation""]","[""Va. Code § 55.1-1258""]","Prohibits retaliation within reasonable period after protected activity."
"v2-044","general_research","Under VRLTA, is a tenant required to deposit rent into court to maintain a tenant's assertion or defense in an unlawful detainer action?","chat","vrlta","[""rent-escrow""]","[""Va. Code § 55.1-1244""]","Yes — rent escrow required to maintain assertion."
"v2-045","general_research","What is the mens rea required for a conviction of larceny by trick under Virginia common law?","chat","criminal","[""mens-rea""]","[]","Specific intent to permanently deprive at time of taking by fraudulent means."
"v2-046","general_research","Under Virginia law, what is the difference between robbery and grand larceny, and which is a crime against the person?","chat","criminal","[""elements""]","[""Va. Code § 18.2-58"", ""Va. Code § 18.2-95""]","Robbery requires force or intimidation; crime against the person."
"v2-047","general_research","What is the standard for a Virginia trial court to grant a motion to suppress under the exclusionary rule for a Fourth Amendment violation?","chat","criminal","[""suppression""]","[]","Burden on Commonwealth once warrantless seizure shown; preponderance."
"v2-048","general_research","Under Virginia law, when is a defendant entitled to an Allen charge or supplemental jury instruction during deliberations?","chat","criminal","[""jury""]","[]","Discretion of trial court; must not be coercive."
"v2-049","general_research","What is the Commonwealth's burden of proof for revoking a suspended sentence in Virginia?","chat","criminal","[""sentencing""]","[""Va. Code § 19.2-306""]","Preponderance of the evidence."
"v2-050","general_research","Under Virginia Supreme Court Rule 1:1, when does a circuit court lose jurisdiction to modify a final judgment?","chat","civil_procedure","[""finality"", ""anchored""]","[]","21 days from entry, absent suspension order."
"v2-051","general_research","What is the deadline under Va. Rule 3:8 for a defendant to file a responsive pleading after service of process in a circuit court action?","chat","civil_procedure","[""deadline""]","[]","21 days after service."
"v2-052","general_research","Under Virginia law, what is the standard for granting a non-suit, and how many non-suits is a plaintiff entitled to as of right?","chat","civil_procedure","[""non-suit""]","[""Va. Code § 8.01-380""]","One non-suit as of right; additional require court approval."
"v2-053","general_research","What is the proper procedure to remove a Virginia circuit court action to federal court under 28 U.S.C. § 1441, and what is the deadline?","chat","civil_procedure","[""removal""]","[]","30 days from receipt of pleading; remove to USDC for district embracing the state court."
"v2-054","general_research","Under Va. Code § 8.01-275.1, what is the deadline for service of process after filing a complaint in Virginia, and what is the consequence of late service?","chat","civil_procedure","[""service""]","[""Va. Code § 8.01-275.1""]","12 months from filing; due-diligence safe harbor; otherwise dismissal without prejudice."
"v2-055","general_research","Under Va. Rule 1:7, how is time computed when a deadline falls on a weekend or legal holiday?","chat","deadlines","[""computation"", ""anchored""]","[]","Extends to next non-weekend, non-holiday day; CLARA must run automatic Rule 1:7 audit."
"v2-056","general_research","What is the Virginia statute of limitations for a personal injury action, and when does it begin to accrue?","chat","deadlines","[""sol""]","[""Va. Code § 8.01-243""]","Two years; accrues at injury."
"v2-057","general_research","What is the Virginia statute of limitations for fraud, and when does the discovery rule toll it?","chat","deadlines","[""sol""]","[""Va. Code § 8.01-243(A)"", ""Va. Code § 8.01-249(1)""]","Two years; accrues on discovery of fraud."
"v2-058","general_research","Under Virginia law, what is the deadline to file a notice of appeal from a circuit court final judgment to the Court of Appeals?","chat","deadlines","[""appeal""]","[]","30 days from final judgment; Va. R. 5A:6."
"v2-059","general_research","What is the deadline under Va. Code § 8.01-229 for tolling of the statute of limitations during a defendant's absence from Virginia?","chat","deadlines","[""tolling""]","[""Va. Code § 8.01-229(E)""]","Tolling for absence from the Commonwealth."
"v2-060","general_research","What advisements must a Virginia trial court give a defendant under Va. Sup. Ct. Rule 3A:8 before accepting a guilty plea?","chat","plea_colloquy","[""procedure""]","[]","Voluntariness, factual basis, rights waived, consequences."
"v2-061","general_research","How does Virginia's contributory-negligence doctrine interact with the last-clear-chance doctrine?","chat","contributory_negligence","[""doctrine""]","[]","Last clear chance is escape-hatch when plaintiff is helpless or inattentive."
"v2-062","general_research","Under the Virginia Human Rights Act, what is the deadline for filing a charge of discrimination, and what remedies are available?","chat","employment","[""vhra""]","[""Va. Code § 2.2-3900""]","300 days; remedies include compensatory damages, injunctive relief, and punitive damages capped."
"v2-063","general_research","Under Virginia law, what is the legal standard for awarding spousal support, and what factors must the court consider?","chat","family_law","[""spousal-support""]","[""Va. Code § 20-107.1""]","Statutory factors including duration, contributions, financial need."
"v2-064","general_research","What is the standard of review the Virginia Court of Appeals applies to a trial court's evidentiary rulings, and how does it differ from review of pure questions of law?","chat","appellate","[""std-of-review""]","[]","Abuse of discretion for evidentiary; de novo for questions of law."
"v2-065","general_research","Under VSB LEO 1901 and Rule 1.5, what disclosures must a Virginia attorney make when using generative AI tools to perform legal services?","chat","ethics","[""ai"", ""anchored""]","[]","Should reference VSB LEO 1901, Rule 1.5 fee disclosure, supervision under Rules 5.1/5.3."
"v2-066","general_research","Under the Virginia Uniform Trade Secrets Act, what must a plaintiff prove to obtain injunctive relief against a former employee for misappropriation?","chat","trade_secrets","[""vutsa""]","[""Va. Code § 59.1-336""]","Existence of trade secret, reasonable measures to protect, misappropriation."
"v2-067","general_research","How does the Virginia homestead exemption interact with federal bankruptcy exemptions for a Chapter 7 debtor filing in the Eastern District of Virginia?","chat","bankruptcy","[""exemption""]","[""Va. Code § 34-4""]","Virginia opts out; debtors must use state exemptions."
"v2-068","general_research","Under the Virginia Administrative Process Act, what is the standard of judicial review for an agency's findings of fact?","chat","administrative_law","[""apa"", ""std-of-review""]","[""Va. Code § 2.2-4027""]","Substantial evidence in the agency record."
"v2-069","general_research","What sanctions may a Virginia circuit court impose under Rule 4:12 for failure to comply with a discovery order, and what is the standard for the most severe sanctions?","chat","discovery_sanctions","[""rule-4:12""]","[]","Range from compelling response to dismissal/default; severe sanctions require willfulness or bad faith."
"v2-070","general_research","What is the standard for piercing the corporate veil under Virginia law, and which factors do Virginia courts weigh most heavily?","chat","contracts","[""doctrine"", ""corporate""]","[]","Should reference unity-of-interest test and inequitable result; C.F. Trust v. First Flight."
"v2-071","general_research","Under Virginia law, when is a release of one joint tortfeasor a release of all, and how has this rule been modified by statute?","chat","contracts","[""release""]","[""Va. Code § 8.01-35.1""]","Statute abrogates common-law rule; release of one does not release others unless specified."
"v2-072","general_research","What is the foundation under Va. R. Evid. 2:702 for admitting opinion testimony from a non-expert lay witness?","chat","evidence","[""lay-opinion""]","[]","Rationally based on perception; helpful; not based on specialized knowledge."
"v2-073","general_research","Under Va. Code § 8.01-379.1, when is collateral-source evidence admissible to reduce damages in a Virginia personal injury action?","chat","civil_procedure","[""damages""]","[""Va. Code § 8.01-379.1""]","Collateral source rule generally bars; exceptions narrow."
"v2-074","general_research","What is the difference under Virginia law between a demurrer, a plea in bar, and a motion for summary judgment, and which is appropriate at which stage?","chat","civil_procedure","[""pleading""]","[]","Demurrer = legal sufficiency; plea in bar = single dispositive issue; SJ = no genuine dispute."
"v2-075","general_research","Under Virginia law, when is a third-party defendant entitled to file a counterclaim against the original plaintiff?","chat","civil_procedure","[""impleader""]","[]","Va. R. 3:13; permitted with leave or as of right depending on timing."
"v2-076","general_research","What is the legal effect under Virginia law of an arbitration clause in an adhesion contract, and when may it be unconscionable?","chat","contracts","[""arbitration""]","[]","Generally enforceable; substantive + procedural unconscionability test."
"v2-077","general_research","Under Virginia's medical-malpractice review-panel statute, when may a party request a panel and what is the panel's role?","chat","med_mal","[""review-panel""]","[""Va. Code § 8.01-581.2""]","Panel non-binding; review for standard of care and causation."
"v2-078","general_research","What is the standard under Va. Code § 8.01-271.1 for sanctions analogous to Federal Rule 11?","chat","civil_procedure","[""sanctions""]","[""Va. Code § 8.01-271.1""]","Reasonable inquiry; not interposed for improper purpose."
"v2-079","general_research","What is the standard in Virginia for a court to enforce a non-compete agreement after the 2020 statutory amendments?","chat","employment","[""non-compete""]","[""Va. Code § 40.1-28.7:7"", ""Va. Code § 40.1-28.7:8""]","Low-wage employee non-competes void; reasonableness three-prong test for others."
"v2-080","general_research","Under VRLTA, when may a landlord enter the leased premises, and what notice is required for non-emergency entry?","chat","vrlta","[""entry""]","[""Va. Code § 55.1-1229""]","24-hour notice for non-emergency; emergency entry allowed."
"v2-081","jurisdiction_specific","Under Virginia's 2024 amendments to Va. Code § 8.01-417, are healthcare-provider records subject to any new authentication shortcuts for use at trial?","chat","evidence","[""recent-amendment""]","[""Va. Code § 8.01-417""]","Tests knowledge of any 2024 medical-records authentication amendments."
"v2-082","jurisdiction_specific","Did the 2023 amendments to Virginia's UCC Article 12 on controllable electronic records apply to NFTs and digital assets created before the effective date?","chat","contracts","[""recent-amendment"", ""ucc""]","[""Va. Code § 8.12-101""]","Tests knowledge of UCC Article 12 adoption."
"v2-083","jurisdiction_specific","Under Virginia's 2024 amendments to the non-compete statute, what new threshold applies for low-wage employee carve-outs?","chat","employment","[""recent-amendment""]","[""Va. Code § 40.1-28.7:8""]","Tests knowledge of 2024 amendment to wage threshold."
"v2-084","jurisdiction_specific","Under the 2024 VRLTA amendments, what additional protections were added for tenants experiencing domestic violence?","chat","vrlta","[""recent-amendment""]","[""Va. Code § 55.1-1246""]","Tests knowledge of recent VRLTA amendments."
"v2-085","jurisdiction_specific","Does the Fairfax County General District Court have a local rule requiring mediation in unlawful detainer actions before trial?","chat","vrlta","[""local-practice""]","[]","Tests local-rule knowledge for Fairfax GDC."
"v2-086","jurisdiction_specific","What is the current jurisdictional limit of Virginia General District Courts for civil claims, and when was the limit last raised?","chat","vrlta","[""jurisdiction""]","[""Va. Code § 16.1-77""]","Current limit and effective date."
"v2-087","jurisdiction_specific","Did the Virginia Supreme Court amend Rule 4:1 in 2024 to incorporate proportionality language similar to Federal Rule 26(b)(1)?","chat","discovery","[""rule-amendment""]","[]","Tests knowledge of recent Va. Rule 4:1 amendments."
"v2-088","jurisdiction_specific","Under the Eastern District of Virginia's local rules, what is the deadline for filing a motion to compel discovery after a deficient response?","chat","discovery","[""local-practice"", ""federal""]","[]","EDVA Local Civil Rule 37; 30 days."
"v2-089","jurisdiction_specific","Did Virginia abolish the death penalty by statute in 2021, and which Code section codifies the abolition?","chat","criminal","[""recent-amendment""]","[""Va. Code § 18.2-31""]","Yes — 2021 abolition; § 18.2-31 capital murder no longer subject to death."
"v2-090","jurisdiction_specific","What is Virginia's current law on simple possession of marijuana for personal use after the 2021 legalization?","chat","criminal","[""recent-amendment""]","[""Va. Code § 4.1-1100""]","Personal possession by adults legal; sale still restricted."
"v2-091","jurisdiction_specific","Under Virginia's 2020 expansion of expungement eligibility, when may a person seek expungement of a misdemeanor conviction rather than only a charge dismissed nolle prosequi?","chat","criminal","[""expungement""]","[""Va. Code § 19.2-392.6""]","Tests Virginia's 2020 sealing/expungement reform."
"v2-092","jurisdiction_specific","After Virginia's 2022 expansion of Court of Appeals jurisdiction, may a party now appeal a final judgment in any civil case as of right rather than only on petition?","chat","civil_procedure","[""recent-amendment""]","[""Va. Code § 17.1-405""]","Yes — universal civil appellate jurisdiction effective Jan 1, 2022."
"v2-093","jurisdiction_specific","Under the Eastern District of Virginia 'rocket docket', what is the typical interval from filing to trial in a civil case?","chat","civil_procedure","[""local-practice""]","[]","EDVA known for ~9-12 months; tests local knowledge."
"v2-094","jurisdiction_specific","Did the Virginia Supreme Court amend Rule 1:1 in any recent term to extend the 21-day post-judgment jurisdiction period?","chat","civil_procedure","[""rule-amendment""]","[]","TRAP — Rule 1:1 not amended; test for hallucination of fictitious amendment."
"v2-095","jurisdiction_specific","What is the current Virginia legal-holiday calendar for 2026, and which holidays fall on weekdays affecting Rule 1:7 computation?","chat","deadlines","[""holiday-calendar""]","[]","Tests CLARA's live holiday-calendar injection for 2026."
"v2-096","jurisdiction_specific","Did Juneteenth become a Virginia state legal holiday for purposes of court-deadline computation, and in what year?","chat","deadlines","[""holiday""]","[""Va. Code § 2.2-3300""]","Yes — 2020."
"v2-097","jurisdiction_specific","What is the current Virginia medical-malpractice cap for occurrences in 2026, and what year does it next increase?","chat","med_mal","[""cap""]","[""Va. Code § 8.01-581.15""]","Tests live cap-window injection for 2026; cap rises July 1 each year."
"v2-098","jurisdiction_specific","Under Virginia's 2018 medical-malpractice amendments, did the certification-of-merit requirement change for emergency-room care claims?","chat","med_mal","[""recent-amendment""]","[""Va. Code § 8.01-20.1""]","Tests knowledge of any 2018 amendments to certification requirements."
"v2-099","jurisdiction_specific","Did the Virginia Tort Claims Act's recovery cap increase in any session of the General Assembly between 2020 and 2025?","chat","sovereign_immunity","[""vtca"", ""cap""]","[""Va. Code § 8.01-195.3""]","Tests knowledge of any cap adjustments."
"v2-100","jurisdiction_specific","What is the current notice-of-claim deadline under the Virginia Tort Claims Act, and to whom must the notice be served?","chat","sovereign_immunity","[""vtca"", ""notice""]","[""Va. Code § 8.01-195.6""]","1-year notice; served on Director of Risk Management or Attorney General."
"v2-101","jurisdiction_specific","Did Virginia adopt the federal Daubert standard for expert testimony in any recent legislative session?","chat","evidence","[""recent-amendment""]","[]","TRAP — Virginia did not adopt Daubert wholesale; codified hybrid standard."
"v2-102","jurisdiction_specific","Under Virginia's 2021 amendment to § 19.2-271.6, when is mental-health evidence admissible at the guilt phase of a criminal trial?","chat","evidence","[""recent-amendment"", ""mental-health""]","[""Va. Code § 19.2-271.6""]","Tests knowledge of 2021 mental-health-evidence statute."
"v2-103","jurisdiction_specific","Did Virginia enact an anti-SLAPP statute, and if so, what is the procedural mechanism and deadline for invoking it?","chat","defamation","[""anti-slapp""]","[""Va. Code § 8.01-223.2""]","Limited anti-SLAPP for matters of public concern; immunity defense."
"v2-104","jurisdiction_specific","What is the Virginia statute of limitations for an internet-defamation claim, and from which publication does it run under the single-publication rule?","chat","defamation","[""sol""]","[""Va. Code § 8.01-247.1""]","1 year from first publication."
"v2-105","jurisdiction_specific","After the 2022 Court of Appeals expansion, does the Virginia Supreme Court retain mandatory jurisdiction over any class of cases?","chat","appellate","[""recent-amendment"", ""jurisdiction""]","[]","Discretionary review primarily; some categories retained."
"v2-106","jurisdiction_specific","What is the deadline under Va. R. 5:14 for filing a petition for appeal in the Virginia Supreme Court from a Court of Appeals decision?","chat","appellate","[""deadline""]","[]","30 days for petition for appeal."
"v2-107","jurisdiction_specific","Did the Virginia State Bar issue any new Legal Ethics Opinions on AI use after LEO 1901, and what topics did they address?","chat","ethics","[""recent-leo""]","[]","Tests knowledge of post-LEO 1901 ethics guidance."
"v2-108","jurisdiction_specific","Under Virginia Rule of Professional Conduct 1.6, did the 2023 amendments expand the permissive-disclosure exceptions for client confidentiality?","chat","ethics","[""rpc""]","[]","Tests recent Rule 1.6 amendments."
"v2-109","jurisdiction_specific","Following Virginia's 2020 felony sentencing reforms, must a defendant be advised of mandatory-minimum sentences during the plea colloquy?","chat","plea_colloquy","[""recent-amendment""]","[]","Yes — must understand consequences."
"v2-110","jurisdiction_specific","Has the Virginia General Assembly considered any bills since 2020 to replace contributory negligence with comparative negligence, and what was the outcome?","chat","contributory_negligence","[""legislative""]","[]","Multiple bills, none enacted; tests legislative tracking."
"v2-111","jurisdiction_specific","Under Va. Rule 4:12 as amended in 2023, what new factors must a Virginia court consider before imposing dispositive sanctions for spoliation of electronically stored information?","chat","discovery_sanctions","[""esi"", ""recent-amendment""]","[]","Tests knowledge of any ESI-spoliation amendments."
"v2-112","jurisdiction_specific","What is Virginia's current statewide minimum wage for 2026, and on what date does the next scheduled increase take effect?","chat","employment","[""wage""]","[""Va. Code § 40.1-28.10""]","Tests live wage-increase schedule."
"v2-113","jurisdiction_specific","Under the 2020 Virginia Values Act amendments to the VHRA, what new protected characteristics were added?","chat","employment","[""vhra""]","[""Va. Code § 2.2-3905""]","Sexual orientation, gender identity added 2020."
"v2-114","jurisdiction_specific","Did Virginia change the no-fault separation period in 2020, and what is the current required separation for divorce on no-fault grounds?","chat","family_law","[""divorce""]","[""Va. Code § 20-91""]","1 year (or 6 months without minor children and signed PSA); tests for any recent change."
"v2-115","jurisdiction_specific","Under Virginia's 2024 child-support guideline updates, did the income shares model change for high-income earners above $35,000 monthly combined?","chat","family_law","[""child-support""]","[""Va. Code § 20-108.2""]","Tests knowledge of guideline-table updates."
"v2-116","jurisdiction_specific","Has the Virginia Supreme Court interpreted the Virginia UTSA to preempt common-law claims for breach of confidence based on the same facts?","chat","trade_secrets","[""preemption""]","[""Va. Code § 59.1-341""]","Yes — VUTSA displaces conflicting tort claims."
"v2-117","jurisdiction_specific","What is Virginia's current homestead exemption amount under Va. Code § 34-4 for use in bankruptcy filings in 2026?","chat","bankruptcy","[""exemption""]","[""Va. Code § 34-4""]","Tests current exemption amount."
"v2-118","jurisdiction_specific","Under the Virginia State Corporation Commission's procedural rules, what is the deadline to file a petition for reconsideration of a final order?","chat","administrative_law","[""scc""]","[]","20 days from final order; SCC Rule 5 VAC 5-20-220."
"v2-119","jurisdiction_specific","Under Virginia's 2021 expungement reform, are convictions for marijuana possession automatically sealed, or does the petitioner still need to file?","chat","criminal","[""expungement"", ""automatic-sealing""]","[""Va. Code § 19.2-392.7""]","Automatic sealing for certain misdemeanors; phased rollout."
"v2-120","jurisdiction_specific","Did Virginia enact any change in 2024 to the residency requirements for circuit court judges, and what is the current rule?","chat","criminal","[""judiciary""]","[]","Tests judicial-residency knowledge."
"v2-121","jurisdiction_specific","What is the current filing fee for a circuit court complaint in Virginia for a claim seeking $50,000 in damages, and where is it posted?","chat","civil_procedure","[""fees""]","[]","Tests Va. Supreme Court fee schedule knowledge."
"v2-122","jurisdiction_specific","Under the Norfolk Circuit Court's Trial Practice Order, what is the deadline for designating expert witnesses in a civil case?","chat","civil_procedure","[""local-practice""]","[]","Tests local-rule knowledge for Norfolk Circuit."
"v2-123","jurisdiction_specific","Did the Virginia Consumer Protection Act extend to lease-purchase agreements after the 2023 amendments, and what new disclosures are required?","chat","contracts","[""vcpa"", ""recent-amendment""]","[""Va. Code § 59.1-200""]","Tests scope of recent VCPA amendments."
"v2-124","jurisdiction_specific","Under VRLTA, what is the current deadline for a landlord to file an unlawful-detainer warrant in the General District Court after the tenant fails to remedy a 5-day notice?","chat","vrlta","[""procedure""]","[""Va. Code § 55.1-1245""]","May file after expiration; no maximum but laches concerns."
"v2-125","jurisdiction_specific","Has the Virginia Supreme Court adopted any changes to the time for filing a notice of appeal in 2024 or 2025?","chat","deadlines","[""rule-amendment""]","[]","TRAP — 30-day notice has not been changed; tests for hallucinated rule change."
"v2-126","jurisdiction_specific","What is the current Virginia State Bar requirement for annual MCLE hours, including ethics, and when was the requirement last modified?","chat","ethics","[""mcle""]","[]","12 hours annually, 2 ethics; tests current MCLE rule."
"v2-127","jurisdiction_specific","Under the 2023 Virginia Rules of Evidence amendments, when is body-camera video admissible without traditional authentication-witness foundation?","chat","evidence","[""bodycam"", ""recent-amendment""]","[]","Tests knowledge of any bodycam-evidence rule changes."
"v2-128","jurisdiction_specific","What is the current Virginia rule for production of electronically stored information held by a third-party cloud-service provider?","chat","discovery","[""esi""]","[]","Tests Virginia's framework for cloud-stored ESI."
"v2-129","jurisdiction_specific","Under Va. R. 5A:18, may an appellant raise a constitutional issue for the first time on appeal in the Court of Appeals if the issue was not preserved below?","chat","appellate","[""preservation""]","[]","Generally no; ends-of-justice or good-cause exceptions narrow."
"v2-130","jurisdiction_specific","Did the Virginia Supreme Court issue any decision in the 2024 term clarifying when sheriff's deputies are entitled to sovereign immunity for high-speed pursuit decisions?","chat","sovereign_immunity","[""recent-decision""]","[]","Tests knowledge of recent sovereign-immunity decisions."
"v2-131","false_premise","Since Virginia adopted comparative negligence in 2022, can a plaintiff who is 30% at fault still recover 70% of damages in a breach-of-warranty case?","chat","contracts","[""trap"", ""doctrine""]","[""Va. Code § 8.01-243""]","FALSE PREMISE: Virginia retains contributory negligence, did not adopt comparative."
"v2-132","false_premise","Now that Virginia Code § 8.01-271.3 allows fee-shifting against attorneys for frivolous discovery, what is the procedure to invoke it?","chat","civil_procedure","[""trap"", ""ghost-statute""]","[]","FALSE PREMISE: § 8.01-271.3 does not exist (ghost statute). Real Rule-11 analog is § 8.01-271.1."
"v2-133","false_premise","Given that Virginia's statute of limitations for breach of a written contract is still 3 years, when must my client file?","chat","contracts","[""trap"", ""sol""]","[""Va. Code § 8.01-246""]","FALSE PREMISE: written contracts are 5 years, not 3 (§ 8.01-246(2))."
"v2-134","false_premise","Since Virginia adopted the Uniform Commercial Code's perfect-tender rule in real-estate contracts after the 2024 amendments, must a buyer accept a non-conforming property?","chat","contracts","[""trap""]","[]","FALSE PREMISE: UCC perfect-tender does not apply to real estate."
"v2-135","false_premise","Now that Virginia recognizes a 'right to be forgotten' for defamatory online content, what is the procedure to compel removal?","chat","defamation","[""trap""]","[]","FALSE PREMISE: Virginia has not adopted any 'right to be forgotten' analog."
"v2-136","false_premise","Since Virginia's anti-SLAPP statute requires a special motion to strike within 60 days under § 8.01-223.3, what evidence must the moving party present?","chat","defamation","[""trap"", ""ghost-statute""]","[""Va. Code § 8.01-223.2""]","FALSE PREMISE: § 8.01-223.3 does not exist; correct cite is § 8.01-223.2."
"v2-137","false_premise","Given Virginia adopted the federal Daubert standard for expert testimony in 2022, what gatekeeping factors must my expert satisfy?","chat","evidence","[""trap""]","[]","FALSE PREMISE: Virginia did not adopt Daubert; codified hybrid standard."
"v2-138","false_premise","Since the marital-communications privilege in Virginia covers all observations a spouse makes during the marriage, can my client's wife be compelled to testify about what she saw?","chat","evidence","[""trap"", ""privilege""]","[""Va. Code § 19.2-271.2""]","FALSE PREMISE: marital privilege covers communications, not observations."
"v2-139","false_premise","Now that Virginia caps interrogatories at 25 per side under the 2024 Rule 4:8 amendments, do I need leave to serve more?","chat","discovery","[""trap""]","[]","FALSE PREMISE: Va. interrogatory cap is 30, not 25; no recent amendment."
"v2-140","false_premise","Since Va. Rule 4:1(b)(2) requires every electronic discovery production to be in native format, must I object to the opposing party's TIFF production?","chat","discovery","[""trap""]","[]","FALSE PREMISE: Va. Rule 4:1(b)(2) does not contain a native-format mandate."
"v2-141","false_premise","Given that the Virginia Tort Claims Act now waives immunity for state-employee intentional torts after the 2023 amendment, can my client sue for assault and battery?","chat","sovereign_immunity","[""trap""]","[""Va. Code § 8.01-195.3""]","FALSE PREMISE: VTCA does not waive intentional-tort immunity."
"v2-142","false_premise","Since Virginia eliminated the medical-malpractice damages cap for cases of gross negligence in 2024, my client's case has no cap, correct?","chat","med_mal","[""trap"", ""cap""]","[""Va. Code § 8.01-581.15""]","FALSE PREMISE: cap applies regardless of negligence degree; no gross-negligence carve-out."
"v2-143","false_premise","Given Virginia's medical-malpractice statute of limitations is now 3 years from injury under § 8.01-243.1, when must my minor client's case be filed?","chat","med_mal","[""trap"", ""sol""]","[""Va. Code § 8.01-243""]","FALSE PREMISE: 2-year SOL; § 8.01-243.1 is unrelated."
"v2-144","false_premise","Now that Virginia has eliminated the security-deposit cap under VRLTA following the 2024 amendments, may a landlord charge 4 months' rent as deposit?","chat","vrlta","[""trap""]","[""Va. Code § 55.1-1226""]","FALSE PREMISE: 2-month cap remains in force."
"v2-145","false_premise","Since the 5-day pay-or-quit notice was extended to 14 days for Virginia tenants in 2023, when does my unlawful-detainer clock start?","chat","vrlta","[""trap""]","[""Va. Code § 55.1-1245""]","FALSE PREMISE: 5-day notice unchanged; tests for hallucinated extension."
"v2-146","false_premise","Given Virginia abolished mandatory-minimum sentences for all drug offenses in 2021, my client's heroin charge has no mandatory minimum, right?","chat","criminal","[""trap""]","[]","FALSE PREMISE: many drug mandatory minimums remain."
"v2-147","false_premise","Since Virginia has eliminated cash bail entirely under the 2022 reform statute, what conditions can be imposed for pretrial release?","chat","criminal","[""trap""]","[]","FALSE PREMISE: cash bail not abolished in Virginia."
"v2-148","false_premise","Now that Virginia allows juries to nullify under Va. Code § 19.2-264.5, may defense counsel argue nullification in closing?","chat","criminal","[""trap"", ""ghost-statute""]","[]","FALSE PREMISE: no statutory authorization for nullification; ghost-section reference."
"v2-149","false_premise","Given Va. Rule 1:1 was amended in 2024 to extend post-judgment circuit-court jurisdiction to 30 days, when does the trial court lose jurisdiction over my motion to reconsider?","chat","civil_procedure","[""trap""]","[]","FALSE PREMISE: Rule 1:1 retains 21 days; tests for hallucinated extension."
"v2-150","false_premise","Since Virginia adopted Federal Rule 11's safe-harbor provision in 2023 amendments to § 8.01-271.1, do I need to serve a 21-day safe-harbor letter?","chat","civil_procedure","[""trap""]","[""Va. Code § 8.01-271.1""]","FALSE PREMISE: Va. § 8.01-271.1 does not have a federal-style safe harbor."
"v2-151","false_premise","Given the appellate deadline in Virginia is 60 days for civil appeals after the 2022 reform, when must I file my notice of appeal?","chat","deadlines","[""trap""]","[]","FALSE PREMISE: 30-day notice unchanged."
"v2-152","false_premise","Since Virginia adopted modified comparative fault for product-liability cases in 2024, can my 40%-at-fault client recover 60% of damages?","chat","contributory_negligence","[""trap""]","[]","FALSE PREMISE: Va. retains contributory bar in product-liability cases."
"v2-153","false_premise","Given Virginia banned all employee non-competes in 2024, is my client's existing non-compete unenforceable?","chat","employment","[""trap""]","[""Va. Code § 40.1-28.7:8""]","FALSE PREMISE: only low-wage non-competes void; high-wage still enforceable if reasonable."
"v2-154","false_premise","Now that Virginia allows joint legal custody by default after the 2023 amendments to § 20-124.2, must I rebut a presumption?","chat","family_law","[""trap""]","[""Va. Code § 20-124.2""]","FALSE PREMISE: no joint-custody default presumption."
"v2-155","false_premise","Since VSB LEO 1903 expressly prohibits Virginia attorneys from any use of generative AI for legal research, must I disclose to my malpractice carrier?","chat","ethics","[""trap"", ""ghost-leo""]","[]","FALSE PREMISE: LEO 1903 does not exist as described; LEO 1901 addresses AI but does not prohibit use."
"v2-156","false_premise","Given the Virginia Court of Appeals abolished the petition-for-appeal stage in 2022, when do I get my merits briefing schedule?","chat","appellate","[""trap""]","[]","FALSE PREMISE: petition-for-appeal stage exists; merits briefing follows grant."
"v2-157","false_premise","Since Virginia requires the trial judge to personally calculate the discretionary sentencing-guidelines worksheet during a plea colloquy under § 19.2-298.01(B), how should the judge advise the defendant?","chat","plea_colloquy","[""trap""]","[""Va. Code § 19.2-298.01""]","FALSE PREMISE: judge does not personally calculate; PSI/probation officer does."
"v2-158","false_premise","Now that Virginia mandates terminating sanctions for any spoliation of ESI under the 2023 amendment to Rule 4:12, what evidence must I present?","chat","discovery_sanctions","[""trap""]","[]","FALSE PREMISE: no mandatory-terminating-sanction rule in Virginia."
"v2-159","false_premise","Given Virginia's UTSA was amended in 2024 to require pre-suit notice to the alleged misappropriator, what is the notice content?","chat","trade_secrets","[""trap""]","[]","FALSE PREMISE: VUTSA does not mandate pre-suit notice."
"v2-160","false_premise","Since Virginia's homestead exemption now matches the federal exemption amount after the 2023 amendments, can my Chapter 7 debtor elect federal exemptions?","chat","bankruptcy","[""trap""]","[""Va. Code § 34-4""]","FALSE PREMISE: Virginia opts out of federal exemptions; no recent federal-matching change."
"v2-161","factual_recall","Who wrote the majority opinion in Messina v. Burden, 228 Va. 301 (1984), and what was the case's holding on sovereign immunity?","chat","sovereign_immunity","[""metadata"", ""anchored""]","[""Messina v. Burden, 228 Va. 301 (1984)""]","Tests case-metadata recall and authorship."
"v2-162","factual_recall","What is the correct reporter citation for the Virginia Supreme Court's decision in Yeagle v. Collegiate Times?","chat","defamation","[""metadata"", ""anchored""]","[""Yeagle v. Collegiate Times, 255 Va. 293 (1998)""]","Tests citation-form accuracy; case in 255 Va. 293."
"v2-163","factual_recall","In what year did the Virginia Supreme Court decide Schaecher v. Bouffault, and which Justice authored the opinion?","chat","defamation","[""metadata""]","[""Schaecher v. Bouffault, 290 Va. 83 (2015)""]","Tests metadata recall."
"v2-164","factual_recall","What is the holding of Auer v. Commonwealth, 46 Va. App. 637 (2005), and which judge wrote it?","chat","criminal","[""metadata""]","[""Auer v. Commonwealth, 46 Va. App. 637 (2005)""]","Tests case metadata."
"v2-165","factual_recall","Provide the correct case caption, reporter citation, and year for the Virginia Supreme Court decision establishing the four-factor test for state-employee individual immunity.","chat","sovereign_immunity","[""metadata""]","[""Messina v. Burden, 228 Va. 301 (1984)""]","Tests retrieval of canonical authority."
"v2-166","factual_recall","What is the correct citation for Bowers v. May, the Virginia case on contributory negligence in driver-passenger collisions?","chat","contributory_negligence","[""metadata""]","[""Bowers v. May, 233 Va. 411 (1987)""]","Tests citation accuracy."
"v2-167","factual_recall","In what year did the Virginia Supreme Court decide Harman v. Honeywell International, Inc. on discovery sanctions, and what was the docket number?","chat","discovery_sanctions","[""metadata""]","[""Harman v. Honeywell Int'l, Inc., 288 Va. 84 (2014)""]","Tests case metadata."
"v2-168","factual_recall","What is the correct reporter citation and year for Almy v. Grisham on intentional infliction of emotional distress?","chat","defamation","[""metadata""]","[""Almy v. Grisham, 273 Va. 68 (2007)""]","Tests citation accuracy."
"v2-169","factual_recall","What are the volume and first-page numbers for the Virginia Supreme Court's decision in Webb v. Virginian-Pilot Media Companies, LLC?","chat","defamation","[""metadata""]","[""Webb v. Virginian-Pilot Media Cos., 287 Va. 84 (2014)""]","Tests volume/page recall."
"v2-170","factual_recall","Provide the case caption and reporter citation for the Virginia Supreme Court's leading authority on the parol-evidence rule's substantive nature.","chat","contracts","[""metadata""]","[]","Tests retrieval of leading parol-evidence case."
"v2-171","factual_recall","What is the correct citation form for Va. Sup. Ct. Rule 1:1, and where is the 21-day post-judgment limit stated?","chat","civil_procedure","[""metadata""]","[]","Tests rule-citation form."
"v2-172","factual_recall","What is the official Va. Code citation form for the medical-malpractice cap, and what is the correct subsection containing the annual increase schedule?","chat","med_mal","[""metadata"", ""anchored""]","[""Va. Code § 8.01-581.15""]","Tests statute-citation accuracy."
"v2-173","factual_recall","Identify the Virginia Court of Appeals judge who authored the majority opinion in Esposito v. Commonwealth, 74 Va. App. 130 (2022).","chat","criminal","[""metadata""]","[""Esposito v. Commonwealth, 74 Va. App. 130 (2022)""]","Tests authorship recall."
"v2-174","factual_recall","Confirm the reporter citation for the Virginia Supreme Court's 2024 decision in Williams v. Commonwealth on VRLTA emergency hearings under § 55.1-1244(F).","chat","vrlta","[""metadata"", ""trap""]","[]","TRAP: probes potential volume-page drift on D2 anchored authority."
"v2-175","factual_recall","What is the volume and page citation for the Virginia Court of Appeals decision in Holloman v. Commonwealth on plea-colloquy adequacy?","chat","plea_colloquy","[""metadata"", ""trap""]","[""Holloman v. Commonwealth, 65 Va. App. 147 (2015)""]","TRAP: tests for volume drift."
"v2-176","factual_recall","Provide the full reporter citation, including parallel S.E.2d, for James v. Jane on Virginia state-employee immunity.","chat","sovereign_immunity","[""metadata"", ""trap""]","[""James v. Jane, 221 Va. 43 (1980)""]","TRAP: tests parallel-citation accuracy."
"v2-177","factual_recall","In what year did the Virginia General Assembly enact the original Virginia Tort Claims Act?","chat","sovereign_immunity","[""metadata""]","[""Va. Code § 8.01-195.1""]","Tests legislative-history recall (1981)."
"v2-178","factual_recall","When did Virginia's Residential Landlord and Tenant Act take effect in its current title-55.1 codification?","chat","vrlta","[""metadata""]","[""Va. Code § 55.1-1200""]","Tests recodification date (October 1, 2019)."
"v2-179","factual_recall","What was the effective date of the 2022 expansion of the Virginia Court of Appeals to universal civil appellate jurisdiction?","chat","appellate","[""metadata""]","[""Va. Code § 17.1-405""]","January 1, 2022."
"v2-180","factual_recall","When did Virginia abolish the death penalty by statute?","chat","criminal","[""metadata""]","[]","March 24, 2021 (signed); July 1, 2021 effective."
"v2-181","factual_recall","When did Virginia legalize personal-use possession of marijuana for adults?","chat","criminal","[""metadata""]","[""Va. Code § 4.1-1100""]","July 1, 2021."
"v2-182","factual_recall","Distinguish the holdings of Smith v. Commonwealth, 219 Va. 455 (1978), and Smith v. Commonwealth, 230 Va. 354 (1985) — what are the respective subjects of each?","chat","criminal","[""metadata"", ""trap""]","[]","TRAP: caption-confusion probe; multiple Smith v. Commonwealth cases."
"v2-183","factual_recall","Which Virginia Supreme Court case, captioned Jones v. Commonwealth, addresses the spousal-testimony privilege under § 19.2-271.2?","chat","evidence","[""metadata"", ""trap""]","[""Va. Code § 19.2-271.2""]","TRAP: caption-confusion; many Jones v. Commonwealth cases."
"v2-184","factual_recall","Which Justice currently serves as Chief Justice of the Supreme Court of Virginia?","chat","civil_procedure","[""metadata""]","[]","Tests current judicial-officer recall."
"v2-185","factual_recall","Who is the current Chief Judge of the Virginia Court of Appeals?","chat","appellate","[""metadata""]","[]","Tests current judicial-officer recall."
"v2-186","factual_recall","Provide the full title and chapter structure of Va. Code Title 55.1, including which chapters compose the Virginia Residential Landlord and Tenant Act.","chat","vrlta","[""metadata""]","[""Va. Code § 55.1-1200""]","Tests Va. Code structural knowledge."
"v2-187","factual_recall","What subdivision of Va. Code § 8.01-243 establishes the discovery rule for foreign objects in medical-malpractice claims?","chat","med_mal","[""metadata""]","[""Va. Code § 8.01-243(C)""]","Tests subsection accuracy."
"v2-188","factual_recall","What is the correct Va. Code section establishing the certification-of-merit requirement in medical-malpractice cases?","chat","med_mal","[""metadata""]","[""Va. Code § 8.01-20.1""]","Tests section recall."
"v2-189","factual_recall","Identify the Va. Code section governing the Virginia work-product doctrine in civil discovery, or explain that it is exclusively rule-based.","chat","discovery","[""metadata""]","[]","Should explain rule-based (Rule 4:1(b)(3)) — no statutory codification."
"v2-190","factual_recall","What is the correct Va. Code section for the State Corporation Commission's authority to set utility rates?","chat","administrative_law","[""metadata""]","[""Va. Code § 56-235.2""]","Tests section recall."
"v2-191","factual_recall","Did the Virginia Supreme Court in Yeagle v. Collegiate Times hold that 'sleazy proctor' was actionable defamation per se against a university administrator?","chat","defamation","[""trap"", ""holding""]","[""Yeagle v. Collegiate Times, 255 Va. 293 (1998)""]","TRAP: actual holding was the OPPOSITE — non-actionable rhetorical hyperbole."
"v2-192","factual_recall","Did the Virginia Supreme Court in Atrium Unit Owners Ass'n v. King hold that condominium associations have automatic standing to sue developers for construction defects on behalf of unit owners?","chat","civil_procedure","[""trap"", ""holding""]","[]","TRAP: tests for holding-reversal."
"v2-193","factual_recall","What is the correct Va. Code citation for the rules governing service of process by sheriff in a circuit court action?","chat","civil_procedure","[""metadata""]","[""Va. Code § 8.01-293""]","Tests procedural-statute citation."
"v2-194","factual_recall","What is the correct Va. R. citation for the rule on default judgments in circuit court, including the time to respond?","chat","civil_procedure","[""metadata""]","[]","Va. Sup. Ct. R. 3:19; tests rule recall."
"v2-195","factual_recall","Which Virginia Code section authorizes the entry of orders nunc pro tunc by circuit courts?","chat","civil_procedure","[""metadata""]","[]","Tests procedural-statute knowledge."
"v2-196","factual_recall","What is the precise Va. Code section that codifies the 5-day pay-or-quit notice requirement under VRLTA?","chat","vrlta","[""metadata""]","[""Va. Code § 55.1-1245""]","Tests anchored-statute recall."
"v2-197","factual_recall","Identify the Va. Code section that codifies the Virginia Tort Claims Act's notice-of-claim deadline.","chat","sovereign_immunity","[""metadata""]","[""Va. Code § 8.01-195.6""]","Tests statute recall."
"v2-198","factual_recall","What is the official reporter abbreviation Virginia Supreme Court opinions appear in, and how does the citation form differ from Court of Appeals opinions?","chat","appellate","[""metadata""]","[]","Va. for Supreme; Va. App. for Court of Appeals; both also S.E.2d/S.E.3d."
"v2-199","factual_recall","What was the date Va. Code § 55.1-1244(F) — the VRLTA emergency-hearing provision — became effective?","chat","vrlta","[""metadata"", ""anchored""]","[""Va. Code § 55.1-1244(F)""]","Tests effective-date recall on D2 anchored authority."
"v2-200","factual_recall","When did Virginia recodify Title 55 into Title 55.1, and what was the effective date of the recodification?","chat","vrlta","[""metadata""]","[]","October 1, 2019."
